".rownames","StockPrice","StockPrice.predict.All.X.no.rnorm.rpart","StockPrice.predict.All.X.no.rnorm.rpart.err","StockPrice.predict.All.X.no.rnorm.rpart.accurate"
"1004",60.12217391,60.8353576554243,0.713183745424281,FALSE
"1005",60.30315789,60.8353576554243,0.532199765424281,FALSE
"1007",64.06,60.8353576554243,3.22464234457572,FALSE
"1016",41.43454545,60.8353576554243,19.4008122054243,FALSE
"1022",41.46947368,60.8353576554243,19.3658839754243,FALSE
"1025",46.53857143,60.8353576554243,14.2967862254243,FALSE
"104",70.1873913,60.8353576554243,9.35203364457572,FALSE
"1041",54.71,60.8353576554243,6.12535765542428,FALSE
"1042",51.94809524,60.8353576554243,8.88726241542428,FALSE
"1049",54.61571429,60.8353576554243,6.21964336542428,FALSE
"1050",55.87772727,60.8353576554243,4.95763038542428,FALSE
"1051",55.35842105,60.8353576554243,5.47693660542429,FALSE
"1052",54.17043478,60.8353576554243,6.66492287542428,FALSE
"1053",53.02619048,60.8353576554243,7.80916717542429,FALSE
"106",63.11954545,60.8353576554243,2.28418779457571,FALSE
"1060",48.7965,60.8353576554243,12.0388576554243,FALSE
"1061",52.42318182,60.8353576554243,8.41217583542428,FALSE
"1066",51.33681818,60.8353576554243,9.49853947542428,FALSE
"1069",49.17318182,60.8353576554243,11.6621758354243,FALSE
"107",62.65619048,60.8353576554243,1.82083282457572,FALSE
"1071",47.48545455,60.8353576554243,13.3499031054243,FALSE
"1072",48.2515,60.8353576554243,12.5838576554243,FALSE
"1073",49.41772727,60.8353576554243,11.4176303854243,FALSE
"1074",49.54380952,60.8353576554243,11.2915481354243,FALSE
"1085",47.52666667,60.8353576554243,13.3086909854243,FALSE
"1089",54.06238095,60.8353576554243,6.77297670542428,FALSE
"1091",58.21777778,60.8353576554243,2.61757987542428,FALSE
"1095",66.56,60.8353576554243,5.72464234457572,FALSE
"1096",66.83142857,60.8353576554243,5.99607091457572,FALSE
"1097",64.6425,60.8353576554243,3.80714234457572,FALSE
"11",13.9705,60.8353576554243,46.8648576554243,FALSE
"1101",54.23380952,60.8353576554243,6.60154813542428,FALSE
"1102",55.40090909,60.8353576554243,5.43444856542428,FALSE
"1104",58.79772727,60.8353576554243,2.03763038542428,FALSE
"1105",58.102,60.8353576554243,2.73335765542429,FALSE
"1108",64.35571429,60.8353576554243,3.52035663457571,FALSE
"1109",63.35,60.8353576554243,2.51464234457572,FALSE
"111",65.81636364,60.8353576554243,4.98100598457572,FALSE
"1112",67.89045455,60.8353576554243,7.05509689457572,FALSE
"1118",103.3784211,60.8353576554243,42.5430634445757,FALSE
"1123",52.961,60.8353576554243,7.87435765542428,FALSE
"1127",54.54380952,60.8353576554243,6.29154813542428,FALSE
"1132",53.9155,60.8353576554243,6.91985765542428,FALSE
"1133",53.985,60.8353576554243,6.85035765542428,FALSE
"1135",50.69333333,60.8353576554243,10.1420243254243,FALSE
"1136",57.04043478,60.8353576554243,3.79492287542428,FALSE
"114",41.77047619,60.8353576554243,19.0648814654243,FALSE
"1141",60.04727273,60.8353576554243,0.788084925424279,FALSE
"1144",59.68714286,60.8353576554243,1.14821479542428,FALSE
"115",41.00761905,60.8353576554243,19.8277386054243,FALSE
"1151",63.269,60.8353576554243,2.43364234457572,FALSE
"1153",69.95181818,60.8353576554243,9.11646052457572,FALSE
"1154",74.54421053,60.8353576554243,13.7088528745757,FALSE
"1158",80.92,60.8353576554243,20.0846423445757,FALSE
"1170",54.08181818,60.8353576554243,6.75353947542428,FALSE
"1174",53.08136364,60.8353576554243,7.75399401542428,FALSE
"1177",44.8775,60.8353576554243,15.9578576554243,FALSE
"118",45.01826087,60.8353576554243,15.8170967854243,FALSE
"1184",40.61086957,60.8353576554243,20.2244880854243,FALSE
"1185",42.29428571,60.8353576554243,18.5410719454243,FALSE
"1188",45.22285714,60.8353576554243,15.6125005154243,FALSE
"1194",54.05272727,60.8353576554243,6.78263038542428,FALSE
"1197",56.646,60.8353576554243,4.18935765542428,FALSE
"1199",57.03238095,60.8353576554243,3.80297670542429,FALSE
"1201",63.915,60.8353576554243,3.07964234457572,FALSE
"1202",61.75842105,60.8353576554243,0.923063394575721,FALSE
"1204",65.0055,60.8353576554243,4.17014234457572,FALSE
"1206",69.56428571,60.8353576554243,8.72892805457571,FALSE
"1209",58.23315789,60.8353576554243,2.60219976542428,FALSE
"1212",56.614,60.8353576554243,4.22135765542428,FALSE
"1216",72.42909091,60.8353576554243,11.5937332545757,FALSE
"1218",74.88,60.8353576554243,14.0446423445757,FALSE
"1220",73.13863636,60.8353576554243,12.3032787045757,FALSE
"1224",68.03952381,60.8353576554243,7.20416615457572,FALSE
"1225",76.94136364,60.8353576554243,16.1060059845757,FALSE
"1229",77.2465,60.8353576554243,16.4111423445757,FALSE
"1238",84.87315789,60.8353576554243,24.0378002345757,FALSE
"1239",87.4426087,60.8353576554243,26.6072510445757,FALSE
"1245",96.86142857,60.8353576554243,36.0260709145757,FALSE
"1250",107.5642105,60.8353576554243,46.7288528445757,FALSE
"1251",104.1113043,60.8353576554243,43.2759466445757,FALSE
"1256",48.99173913,60.8353576554243,11.8436185254243,FALSE
"1259",48.13333333,60.8353576554243,12.7020243254243,FALSE
"126",35.60952381,60.8353576554243,25.2258338454243,FALSE
"1265",57.26318182,60.8353576554243,3.57217583542428,FALSE
"1268",58.20304348,60.8353576554243,2.63231417542428,FALSE
"1270",63.22772727,60.8353576554243,2.39236961457572,FALSE
"1272",70.892,60.8353576554243,10.0566423445757,FALSE
"1275",77.06952381,60.8353576554243,16.2341661545757,FALSE
"1277",79.97590909,60.8353576554243,19.1405514345757,FALSE
"1282",94.35608696,60.8353576554243,33.5207293045757,FALSE
"1284",99.9147619,60.8353576554243,39.0794042445757,FALSE
"1287",103.6415,60.8353576554243,42.8061423445757,FALSE
"1291",70.73727273,60.8353576554243,9.90191507457572,FALSE
"1294",68.54173913,60.8353576554243,7.70638147457571,FALSE
"1297",74.528,60.8353576554243,13.6926423445757,FALSE
"1298",77.51157895,60.8353576554243,16.6762212945757,FALSE
"1299",79.76272727,60.8353576554243,18.9273696145757,FALSE
"1304",88.5952381,60.8353576554243,27.7598804445757,FALSE
"1305",80.26095238,60.8353576554243,19.4255947245757,FALSE
"1313",106.5215,60.8353576554243,45.6861423445757,FALSE
"1315",115.362381,60.8353576554243,54.5270233445757,FALSE
"1317",117.9842857,60.8353576554243,57.1489280445757,FALSE
"132",39.16181818,60.8353576554243,21.6735394754243,FALSE
"1321",146.463,60.8353576554243,85.6276423445757,FALSE
"1323",141.7026087,60.8353576554243,80.8672510445757,FALSE
"1325",75.75363636,60.8353576554243,14.9182787045757,FALSE
"1337",50.26136364,60.8353576554243,10.5739940154243,FALSE
"1338",49.02142857,60.8353576554243,11.8139290854243,FALSE
"1339",46.24619048,60.8353576554243,14.5891671754243,FALSE
"134",36.19947368,60.8353576554243,24.6358839754243,FALSE
"1346",37.46789474,60.8353576554243,23.3674629154243,FALSE
"1358",23.06578947,60.8353576554243,37.7695681854243,FALSE
"1363",28.18272727,60.8353576554243,32.6526303854243,FALSE
"137",32.5695,60.8353576554243,28.2658576554243,FALSE
"1376",32.375,60.8353576554243,28.4603576554243,FALSE
"1378",33.70571429,60.8353576554243,27.1296433654243,FALSE
"138",31.22045455,60.8353576554243,29.6149031054243,FALSE
"1383",35.78636364,60.8353576554243,25.0489940154243,FALSE
"1385",36.38428571,60.8353576554243,24.4510719454243,FALSE
"1388",33.94086957,60.8353576554243,26.8944880854243,FALSE
"139",29.15090909,60.8353576554243,31.6844485654243,FALSE
"1391",34.83047619,60.8353576554243,26.0048814654243,FALSE
"1396",34.16736842,60.8353576554243,26.6679892354243,FALSE
"1406",35.84789474,60.8353576554243,24.9874629154243,FALSE
"1408",35.3315,60.8353576554243,25.5038576554243,FALSE
"1410",37.89952381,60.8353576554243,22.9358338454243,FALSE
"1411",39.39809524,60.8353576554243,21.4372624154243,FALSE
"1412",38.5673913,60.8353576554243,22.2679663554243,FALSE
"1416",37.1505,60.8353576554243,23.6848576554243,FALSE
"1419",34.8015,60.8353576554243,26.0338576554243,FALSE
"1421",32.0747619,60.8353576554243,28.7605957554243,FALSE
"1424",28.9247619,60.8353576554243,31.9105957554243,FALSE
"1428",16.88454545,60.8353576554243,43.9508122054243,FALSE
"1429",14.472,60.8353576554243,46.3633576554243,FALSE
"1431",9.293636364,60.8353576554243,51.5417212914243,FALSE
"1433",13.4735,60.8353576554243,47.3618576554243,FALSE
"1434",12.83272727,60.8353576554243,48.0026303854243,FALSE
"1438",15.79772727,60.8353576554243,45.0376303854243,FALSE
"1445",270.3752381,346.061993572222,75.6867554722222,FALSE
"1446",267.205,346.061993572222,78.8569935722222,FALSE
"145",21.5215,60.8353576554243,39.3138576554243,FALSE
"1452",314.5340909,127.825981919935,186.708108980065,FALSE
"1453",316.4505,127.825981919935,188.624518080065,FALSE
"1456",357.0538095,346.061993572222,10.9918159277778,FALSE
"1458",319.0290909,346.061993572222,27.0329026722222,FALSE
"1459",304.6547619,346.061993572222,41.4072316722222,FALSE
"1461",304.2442857,346.061993572222,41.8177078722222,FALSE
"1462",305.4052381,346.061993572222,40.6567554722222,FALSE
"1463",296.8752381,346.061993572222,49.1867554722222,FALSE
"1466",369.9315,346.061993572222,23.8695064277778,FALSE
"1467",378.08,346.061993572222,32.0180064277778,FALSE
"1471",396.0125,346.061993572222,49.9505064277778,FALSE
"1473",400.1375,346.061993572222,54.0755064277778,FALSE
"1476",395.7631579,346.061993572222,49.7011643277778,FALSE
"1478",438.9015789,346.061993572222,92.8395853277778,FALSE
"1479",437.4040909,346.061993572222,91.3420973277778,FALSE
"1480",423.725,127.825981919935,295.899018080065,FALSE
"1481",393.8754545,127.825981919935,266.049472580065,FALSE
"1483",312.3452381,127.825981919935,184.519256180065,FALSE
"1484",303.8478261,127.825981919935,176.021844180065,FALSE
"1485",278.4873684,127.825981919935,150.661386480065,FALSE
"1487",277.2085714,127.825981919935,149.382589480065,FALSE
"1490",234.9278947,127.825981919935,107.101912780065,FALSE
"1493",221.7054545,127.825981919935,93.8794725800652,FALSE
"1494",220.019,127.825981919935,92.1930180800652,FALSE
"1496",199.6254545,127.825981919935,71.7994725800651,FALSE
"1497",169.394,127.825981919935,41.5680180800652,FALSE
"150",16.02363636,60.8353576554243,44.8117212954243,FALSE
"1501",168.1545455,127.825981919935,40.3285635800652,FALSE
"1502",206.4747368,127.825981919935,78.6487548800651,FALSE
"1505",214.7038095,127.825981919935,86.8778275800652,FALSE
"151",16.5947619,60.8353576554243,44.2405957554243,FALSE
"1512",219.2863636,127.825981919935,91.4603816800651,FALSE
"1513",241.0014286,127.825981919935,113.175446680065,FALSE
"1521",281.0014286,127.825981919935,153.175446680065,FALSE
"1523",267.1505,127.825981919935,139.324518080065,FALSE
"1525",272.3690476,127.825981919935,144.543065680065,FALSE
"1531",266.6331579,127.825981919935,138.807175980065,FALSE
"1533",261.9538095,127.825981919935,134.127827580065,FALSE
"1539",242.5472727,127.825981919935,114.721290780065,FALSE
"1542",265.0127273,127.825981919935,137.186745380065,FALSE
"1550",304.7578947,127.825981919935,176.931912780065,FALSE
"1551",309.6777273,127.825981919935,181.851745380065,FALSE
"1560",65.235,127.825981919935,62.5909819199348,FALSE
"1561",67.77136364,127.825981919935,60.0546182799348,FALSE
"1563",59.28333333,127.825981919935,68.5426485899349,FALSE
"1568",66.27809524,127.825981919935,61.5478866799348,FALSE
"1570",67.53608696,127.825981919935,60.2898949599348,FALSE
"1573",66.75380952,127.825981919935,61.0721723999348,FALSE
"1576",60.68095238,127.825981919935,67.1450295399349,FALSE
"1585",59.859,127.825981919935,67.9669819199349,FALSE
"1591",64.60666667,127.825981919935,63.2193152499349,FALSE
"1592",66.09,127.825981919935,61.7359819199348,FALSE
"1599",101.416087,127.825981919935,26.4098949199348,FALSE
"16",22.31904762,60.8353576554243,38.5163100354243,FALSE
"1604",119.5143478,127.825981919935,8.31163411993485,FALSE
"1605",123.582381,127.825981919935,4.24360091993485,FALSE
"1607",123.7419048,127.825981919935,4.08407711993485,FALSE
"1612",111.26,127.825981919935,16.5659819199348,FALSE
"1614",104.7419048,127.825981919935,23.0840771199348,FALSE
"1615",106.6704762,127.825981919935,21.1555057199349,FALSE
"1624",127.5942857,127.825981919935,0.231696219934847,FALSE
"1626",123.862,127.825981919935,3.96398191993485,FALSE
"1630",127.0756522,127.825981919935,0.750329719934854,FALSE
"1631",135.847,127.825981919935,8.02101808006516,FALSE
"1635",149.6075,127.825981919935,21.7815180800651,FALSE
"1636",153.4163636,127.825981919935,25.5903816800652,FALSE
"1640",134.8709524,127.825981919935,7.04497048006515,FALSE
"1642",124.6173913,127.825981919935,3.20859061993485,FALSE
"1643",123.2542105,127.825981919935,4.57177141993485,FALSE
"1644",125.6418182,127.825981919935,2.18416371993484,FALSE
"1646",136.4689474,127.825981919935,8.64296548006514,FALSE
"1647",145.3486364,127.825981919935,17.5226544800652,FALSE
"1648",150.7866667,127.825981919935,22.9606847800652,FALSE
"1652",168.1209524,127.825981919935,40.2949704800651,FALSE
"1658",112.023,127.825981919935,15.8029819199349,FALSE
"1660",112.2665,127.825981919935,15.5594819199349,FALSE
"1661",110.5161905,127.825981919935,17.3097914199349,FALSE
"1665",113.2061905,127.825981919935,14.6197914199348,FALSE
"1667",118.6233333,127.825981919935,9.20264861993485,FALSE
"167",41.28238095,60.8353576554243,19.5529767054243,FALSE
"1674",110.3104545,127.825981919935,17.5155274199348,FALSE
"1683",106.1972727,127.825981919935,21.6287092199348,FALSE
"1689",105.3921053,127.825981919935,22.4338766199348,FALSE
"1690",105.6934783,127.825981919935,22.1325036199349,FALSE
"1694",132.0278947,127.825981919935,4.20191278006514,FALSE
"1695",123.694,127.825981919935,4.13198191993484,FALSE
"1696",110.2704545,127.825981919935,17.5555274199348,FALSE
"1697",104.0086364,127.825981919935,23.8173455199348,FALSE
"1701",102.347,127.825981919935,25.4789819199349,FALSE
"1704",88.36095238,127.825981919935,39.4650295399348,FALSE
"1705",92.86727273,127.825981919935,34.9587091899349,FALSE
"1706",89.98526316,127.825981919935,37.8407187599348,FALSE
"1709",92.1475,127.825981919935,35.6784819199349,FALSE
"1714",73.56545455,127.825981919935,54.2605273699348,FALSE
"1716",58.20090909,127.825981919935,69.6250728299349,FALSE
"1719",54.08956522,127.825981919935,73.7364166999348,FALSE
"1721",49.184,127.825981919935,78.6419819199348,FALSE
"1726",44.25238095,127.825981919935,83.5736009699348,FALSE
"173",38.395,60.8353576554243,22.4403576554243,FALSE
"1731",55.25782609,127.825981919935,72.5681558299349,FALSE
"1734",62.03636364,127.825981919935,65.7896182799348,FALSE
"1735",58.62,127.825981919935,69.2059819199349,FALSE
"1738",72.40809524,127.825981919935,55.4178866799349,FALSE
"1739",72.43857143,127.825981919935,55.3874104899349,FALSE
"174",42.04333333,60.8353576554243,18.7920243254243,FALSE
"1740",71.56238095,127.825981919935,56.2636009699348,FALSE
"1742",74.58947368,127.825981919935,53.2365082399348,FALSE
"1747",103.435,127.825981919935,24.3909819199348,FALSE
"1748",108.2469565,127.825981919935,19.5790254199349,FALSE
"1749",96.5735,127.825981919935,31.2524819199349,FALSE
"1751",96.9747619,127.825981919935,30.8512200199348,FALSE
"1752",93.3915,127.825981919935,34.4344819199349,FALSE
"1753",94.42363636,127.825981919935,33.4023455599348,FALSE
"1755",116.3066667,127.825981919935,11.5193152199349,FALSE
"1757",108.3509091,127.825981919935,19.4750728199349,FALSE
"1760",111.2986364,127.825981919935,16.5273455199348,FALSE
"1766",146.5552632,127.825981919935,18.7292812800652,FALSE
"1767",141.6775,127.825981919935,13.8515180800652,FALSE
"1769",157.757619,127.825981919935,29.9316370800652,FALSE
"1770",88.29285714,127.825981919935,39.5331247799349,FALSE
"1783",121.3290909,127.825981919935,6.49689101993485,FALSE
"1787",156.8585,127.825981919935,29.0325180800651,FALSE
"179",56.62095238,60.8353576554243,4.21440527542428,FALSE
"1790",173.2078947,127.825981919935,45.3819127800652,FALSE
"1794",119.0454545,127.825981919935,8.78052741993484,FALSE
"1798",107.3861905,127.825981919935,20.4397914199348,FALSE
"1802",113.8865,127.825981919935,13.9394819199348,FALSE
"1807",107.6085,127.825981919935,20.2174819199348,FALSE
"1809",125.4525,127.825981919935,2.37348191993485,FALSE
"181",58.16181818,60.8353576554243,2.67353947542428,FALSE
"1813",100.7671429,127.825981919935,27.0588390199349,FALSE
"1821",95.13866667,127.825981919935,32.6873152499348,FALSE
"1824",120.651,127.825981919935,7.17498191993485,FALSE
"1826",103.1942105,127.825981919935,24.6317714199349,FALSE
"1828",90.54090909,127.825981919935,37.2850728299348,FALSE
"1829",82.61863636,127.825981919935,45.2073455599349,FALSE
"183",63.26952381,60.8353576554243,2.43416615457572,FALSE
"1830",74.7185,127.825981919935,53.1074819199348,FALSE
"1831",69.92727273,127.825981919935,57.8987091899348,FALSE
"1833",68.955,127.825981919935,58.8709819199348,FALSE
"1839",79.25761905,127.825981919935,48.5683628699348,FALSE
"1840",82.2352381,127.825981919935,45.5907438199348,FALSE
"1844",81.68952381,127.825981919935,46.1364581099348,FALSE
"1849",94.9625,127.825981919935,32.8634819199348,FALSE
"1851",93.58956522,127.825981919935,34.2364166999348,FALSE
"1852",92.04285714,127.825981919935,35.7831247799349,FALSE
"1857",85.18857143,127.825981919935,42.6374104899349,FALSE
"1860",96.87590909,127.825981919935,30.9500728299349,FALSE
"1864",81.76047619,127.825981919935,46.0655057299348,FALSE
"1868",82.13217391,127.825981919935,45.6938080099348,FALSE
"1872",85.13761905,127.825981919935,42.6883628699348,FALSE
"1876",82.47263158,127.825981919935,45.3533503399348,FALSE
"1879",75.914,127.825981919935,51.9119819199348,FALSE
"1881",81.5885,127.825981919935,46.2374819199349,FALSE
"1886",98.51947368,127.825981919935,29.3065082399348,FALSE
"189",46.94368421,60.8353576554243,13.8916734454243,FALSE
"1892",111.9713043,127.825981919935,15.8546776199348,FALSE
"1894",115.9817391,127.825981919935,11.8442428199348,FALSE
"1895",106.6747619,127.825981919935,21.1512200199349,FALSE
"1898",107.4805,127.825981919935,20.3454819199348,FALSE
"190",45.26347826,60.8353576554243,15.5718793954243,FALSE
"1904",125.5242857,127.825981919935,2.30169621993485,FALSE
"1908",81.85909091,127.825981919935,45.9668910099348,FALSE
"1919",125.2735,127.825981919935,2.55248191993485,FALSE
"1921",111.8742857,60.8353576554243,51.0389280445757,FALSE
"1923",108.4514286,60.8353576554243,47.6160709445757,FALSE
"193",49.20090909,60.8353576554243,11.6344485654243,FALSE
"1930",54.04727273,60.8353576554243,6.78808492542428,FALSE
"1938",63.37454545,60.8353576554243,2.53918779457572,FALSE
"1940",68.77636364,60.8353576554243,7.94100598457572,FALSE
"1946",85.1115,60.8353576554243,24.2761423445757,FALSE
"1949",94.97,60.8353576554243,34.1346423445757,FALSE
"195",54.484,60.8353576554243,6.35135765542428,FALSE
"1952",97.93304348,60.8353576554243,37.0976858245757,FALSE
"1958",108.5184211,60.8353576554243,47.6830634445757,FALSE
"1961",100.2309091,60.8353576554243,39.3955514445757,FALSE
"1969",89.3,60.8353576554243,28.4646423445757,FALSE
"1972",88.83142857,60.8353576554243,27.9960709145757,FALSE
"1975",98.51,60.8353576554243,37.6746423445757,FALSE
"1979",85.842,60.8353576554243,25.0066423445757,FALSE
"1981",83.64636364,60.8353576554243,22.8110059845757,FALSE
"1993",93.24857143,60.8353576554243,32.4132137745757,FALSE
"1996",89.51,60.8353576554243,28.6746423445757,FALSE
"1998",90.20818182,60.8353576554243,29.3728241645757,FALSE
"2",22.38105263,60.8353576554243,38.4543050254243,FALSE
"20",16.165,60.8353576554243,44.6703576554243,FALSE
"2011",80.73473684,60.8353576554243,19.8993791845757,FALSE
"2015",83.19428571,60.8353576554243,22.3589280545757,FALSE
"2017",81.84190476,60.8353576554243,21.0065471045757,FALSE
"202",53.88347826,60.8353576554243,6.95187939542429,FALSE
"2021",84.65727273,60.8353576554243,23.8219150745757,FALSE
"2023",88.235,60.8353576554243,27.3996423445757,FALSE
"2030",82.92526316,60.8353576554243,22.0899055045757,FALSE
"2036",77.97521739,60.8353576554243,17.1398597345757,FALSE
"2038",76.60130435,60.8353576554243,15.7659466945757,FALSE
"2039",73.30142857,60.8353576554243,12.4660709145757,FALSE
"2040",73.992,60.8353576554243,13.1566423445757,FALSE
"2044",68.72428571,60.8353576554243,7.88892805457572,FALSE
"2045",76.48666667,60.8353576554243,15.6513090145757,FALSE
"2046",75.81333333,60.8353576554243,14.9779756745757,FALSE
"2047",75.49727273,60.8353576554243,14.6619150745757,FALSE
"2053",69.23666667,60.8353576554243,8.40130901457572,FALSE
"2055",71.65727273,60.8353576554243,10.8219150745757,FALSE
"2058",74.49272727,60.8353576554243,13.6573696145757,FALSE
"2059",73.86136364,60.8353576554243,13.0260059845757,FALSE
"206",51.29894737,60.8353576554243,9.53641028542428,FALSE
"2062",74.35,60.8353576554243,13.5146423445757,FALSE
"2064",79.11727273,60.8353576554243,18.2819150745757,FALSE
"2069",85.185,60.8353576554243,24.3496423445757,FALSE
"2070",83.65681818,60.8353576554243,22.8214605245757,FALSE
"2072",88.25272727,60.8353576554243,27.4173696145757,FALSE
"2076",117.4181818,60.8353576554243,56.5828241445757,FALSE
"2079",58.3226087,60.8353576554243,2.51274895542428,FALSE
"2082",54.42181818,60.8353576554243,6.41353947542428,FALSE
"2083",54.2865,60.8353576554243,6.54885765542429,FALSE
"2088",57.2047619,60.8353576554243,3.63059575542428,FALSE
"2096",55.36565217,60.8353576554243,5.46970548542429,FALSE
"2097",55.44157895,60.8353576554243,5.39377870542428,FALSE
"21",15.51904762,60.8353576554243,45.3163100354243,FALSE
"2104",53.04952381,60.8353576554243,7.78583384542429,FALSE
"2106",54.2155,60.8353576554243,6.61985765542428,FALSE
"2109",57.24526316,60.8353576554243,3.59009449542428,FALSE
"2110",58.28956522,60.8353576554243,2.54579243542428,FALSE
"2111",66.0045,60.8353576554243,5.16914234457571,FALSE
"2117",74.13,60.8353576554243,13.2946423445757,FALSE
"2119",76.45818182,60.8353576554243,15.6228241645757,FALSE
"2120",77.90238095,60.8353576554243,17.0670232945757,FALSE
"2121",72.43857143,60.8353576554243,11.6032137745757,FALSE
"2125",83.15333333,60.8353576554243,22.3179756745757,FALSE
"2127",91.33318182,60.8353576554243,30.4978241645757,FALSE
"2130",96.11227273,60.8353576554243,35.2769150745757,FALSE
"2138",82.9235,60.8353576554243,22.0881423445757,FALSE
"2139",80.63434783,60.8353576554243,19.7989901745757,FALSE
"2141",74.32619048,60.8353576554243,13.4908328245757,FALSE
"2150",90.36578947,60.8353576554243,29.5304318145757,FALSE
"2152",93.029,60.8353576554243,32.1936423445757,FALSE
"2153",99.22,60.8353576554243,38.3846423445757,FALSE
"2158",127.2845455,60.8353576554243,66.4491878445757,FALSE
"216",36.68454545,60.8353576554243,24.1508122054243,FALSE
"2161",67.56727273,60.8353576554243,6.73191507457572,FALSE
"2164",69.479,60.8353576554243,8.64364234457572,FALSE
"2166",82.99761905,60.8353576554243,22.1622613945757,FALSE
"2168",78.4173913,60.8353576554243,17.5820336445757,FALSE
"2169",75.43157895,60.8353576554243,14.5962212945757,FALSE
"2175",84.21,60.8353576554243,23.3746423445757,FALSE
"2178",81.935,60.8353576554243,21.0996423445757,FALSE
"2180",82.06090909,60.8353576554243,21.2255514345757,FALSE
"2181",83.5275,60.8353576554243,22.6921423445757,FALSE
"2185",94.92409091,60.8353576554243,34.0887332545757,FALSE
"2187",100.0268182,60.8353576554243,39.1914605445757,FALSE
"2188",101.1280952,60.8353576554243,40.2927375445757,FALSE
"219",47.48608696,60.8353576554243,13.3492706954243,FALSE
"2190",71.93818182,60.8353576554243,11.1028241645757,FALSE
"2194",50.76909091,60.8353576554243,10.0662667454243,FALSE
"2195",53.628,60.8353576554243,7.20735765542428,FALSE
"2196",53.70045455,60.8353576554243,7.13490310542428,FALSE
"220",46.4525,60.8353576554243,14.3828576554243,FALSE
"2201",49.2835,60.8353576554243,11.5518576554243,FALSE
"2202",49.07045455,60.8353576554243,11.7649031054243,FALSE
"2203",50.78761905,60.8353576554243,10.0477386054243,FALSE
"2208",56.91181818,60.8353576554243,3.92353947542428,FALSE
"222",56.03045455,60.8353576554243,4.80490310542428,FALSE
"2223",67.64956522,60.8353576554243,6.81420756457572,FALSE
"2225",69.79272727,60.8353576554243,8.95736961457572,FALSE
"2229",73.517,60.8353576554243,12.6816423445757,FALSE
"223",58.6395,60.8353576554243,2.19585765542428,FALSE
"2231",84.74190476,60.8353576554243,23.9065471045757,FALSE
"2232",85.0535,60.8353576554243,24.2181423445757,FALSE
"2237",86.52136364,60.8353576554243,25.6860059845757,FALSE
"2240",89.77636364,60.8353576554243,28.9410059845757,FALSE
"2244",106.4680952,60.8353576554243,45.6327375445757,FALSE
"2245",110.2186364,60.8353576554243,49.3832787445757,FALSE
"2246",122.3542105,60.8353576554243,61.5188528445757,FALSE
"2248",120.5090909,60.8353576554243,59.6737332445757,FALSE
"2251",149.62,60.8353576554243,88.7846423445757,FALSE
"2252",141.997619,60.8353576554243,81.1622613445757,FALSE
"2254",70.84652174,60.8353576554243,10.0111640845757,FALSE
"2260",84.96809524,60.8353576554243,24.1327375845757,FALSE
"2262",87.59636364,60.8353576554243,26.7610059845757,FALSE
"2268",88.85954545,60.8353576554243,28.0241877945757,FALSE
"2275",87.87,60.8353576554243,27.0346423445757,FALSE
"2276",95.02681818,60.8353576554243,34.1914605245757,FALSE
"2277",99.70666667,60.8353576554243,38.8713090145757,FALSE
"2282",93.78,60.8353576554243,32.9446423445757,FALSE
"229",60.76380952,60.8353576554243,0.0715481354242797,FALSE
"2292",73.2735,60.8353576554243,12.4381423445757,FALSE
"2295",65.90318182,60.8353576554243,5.06782416457572,FALSE
"2298",63.82428571,60.8353576554243,2.98892805457572,FALSE
"230",62.75263158,60.8353576554243,1.91727392457572,FALSE
"2300",73.16695652,60.8353576554243,12.3315988645757,FALSE
"2302",71.96521739,60.8353576554243,11.1298597345757,FALSE
"2305",78.61619048,60.8353576554243,17.7808328245757,FALSE
"2309",91.51954545,60.8353576554243,30.6841877945757,FALSE
"2316",86.52761905,60.8353576554243,25.6922613945757,FALSE
"2321",89.71190476,60.8353576554243,28.8765471045757,FALSE
"2324",88.14,60.8353576554243,27.3046423445757,FALSE
"2334",88.9552381,60.8353576554243,28.1198804445757,FALSE
"2335",54.26666667,60.8353576554243,6.56869098542428,FALSE
"2338",53.32095238,60.8353576554243,7.51440527542428,FALSE
"2339",53.52904762,60.8353576554243,7.30631003542428,FALSE
"2340",55.435,60.8353576554243,5.40035765542428,FALSE
"2343",53.07545455,60.8353576554243,7.75990310542428,FALSE
"2344",54.2352381,60.8353576554243,6.60011955542429,FALSE
"2351",56.51,60.8353576554243,4.32535765542428,FALSE
"2352",57.9647619,60.8353576554243,2.87059575542428,FALSE
"2354",60.15736842,60.8353576554243,0.677989235424285,FALSE
"2362",62.54409091,60.8353576554243,1.70873325457572,FALSE
"2364",63.802,60.8353576554243,2.96664234457572,FALSE
"2369",62.69545455,60.8353576554243,1.86009689457572,FALSE
"2371",62.14333333,60.8353576554243,1.30797567457572,FALSE
"2377",68.90285714,60.8353576554243,8.06749948457571,FALSE
"238",58.00727273,60.8353576554243,2.82808492542429,FALSE
"2380",68.975,60.8353576554243,8.13964234457571,FALSE
"2383",63.73227273,60.8353576554243,2.89691507457572,FALSE
"2385",70.39857143,60.8353576554243,9.56321377457572,FALSE
"2388",60.71681818,60.8353576554243,0.118539475424285,FALSE
"2390",51.47157895,60.8353576554243,9.36377870542428,FALSE
"2395",54.04545455,60.8353576554243,6.78990310542428,FALSE
"2396",53.09809524,60.8353576554243,7.73726241542428,FALSE
"24",18.00363636,60.8353576554243,42.8317212954243,FALSE
"240",59.0205,60.8353576554243,1.81485765542428,FALSE
"2400",62.05272727,60.8353576554243,1.21736961457572,FALSE
"246",66.10857143,60.8353576554243,5.27321377457572,FALSE
"248",50.42565217,60.8353576554243,10.4097054854243,FALSE
"249",45.10842105,60.8353576554243,15.7269366054243,FALSE
"250",45.22434783,60.8353576554243,15.6110098254243,FALSE
"256",47.26409091,60.8353576554243,13.5712667454243,FALSE
"26",25.2665,60.8353576554243,35.5688576554243,FALSE
"260",47.13863636,60.8353576554243,13.6967212954243,FALSE
"261",50.253,60.8353576554243,10.5823576554243,FALSE
"262",49.25826087,60.8353576554243,11.5770967854243,FALSE
"264",43.75809524,60.8353576554243,17.0772624154243,FALSE
"271",40.03636364,60.8353576554243,20.7989940154243,FALSE
"275",35.302,60.8353576554243,25.5333576554243,FALSE
"276",35.98,60.8353576554243,24.8553576554243,FALSE
"277",37.6455,60.8353576554243,23.1898576554243,FALSE
"281",39.4705,60.8353576554243,21.3648576554243,FALSE
"294",47.96,60.8353576554243,12.8753576554243,FALSE
"295",46.5185,60.8353576554243,14.3168576554243,FALSE
"296",45.03,60.8353576554243,15.8053576554243,FALSE
"297",44.88952381,60.8353576554243,15.9458338454243,FALSE
"300",47.11666667,60.8353576554243,13.7186909854243,FALSE
"301",47.43761905,60.8353576554243,13.3977386054243,FALSE
"303",48.43782609,60.8353576554243,12.3975315654243,FALSE
"304",54.56210526,60.8353576554243,6.27325239542428,FALSE
"31",22.116,60.8353576554243,38.7193576554243,FALSE
"313",77.935,60.8353576554243,17.0996423445757,FALSE
"316",82.21333333,60.8353576554243,21.3779756745757,FALSE
"317",81.41227273,60.8353576554243,20.5769150745757,FALSE
"32",22.52391304,60.8353576554243,38.3114446154243,FALSE
"320",90.99772727,60.8353576554243,30.1623696145757,FALSE
"321",92.01,60.8353576554243,31.1746423445757,FALSE
"324",99.98047619,60.8353576554243,39.1451185345757,FALSE
"327",104.6165,60.8353576554243,43.7811423445757,FALSE
"330",67.99142857,60.8353576554243,7.15607091457571,FALSE
"333",54.09952381,60.8353576554243,6.73583384542428,FALSE
"334",51.65043478,60.8353576554243,9.18492287542428,FALSE
"337",45.927,60.8353576554243,14.9083576554243,FALSE
"34",22.1,60.8353576554243,38.7353576554243,FALSE
"340",52.98904762,60.8353576554243,7.84631003542428,FALSE
"347",41.8535,60.8353576554243,18.9818576554243,FALSE
"352",37.72428571,60.8353576554243,23.1110719454243,FALSE
"356",45.69409091,60.8353576554243,15.1412667454243,FALSE
"360",39.57363636,60.8353576554243,21.2617212954243,FALSE
"363",35.66565217,60.8353576554243,25.1697054854243,FALSE
"366",39.49636364,60.8353576554243,21.3389940154243,FALSE
"37",24.80761905,60.8353576554243,36.0277386054243,FALSE
"373",59.1,60.8353576554243,1.73535765542428,FALSE
"376",58.9215,60.8353576554243,1.91385765542428,FALSE
"377",65.42727273,60.8353576554243,4.59191507457572,FALSE
"380",54.98,60.8353576554243,5.85535765542429,FALSE
"382",34.9726087,60.8353576554243,25.8627489554243,FALSE
"384",37.25,60.8353576554243,23.5853576554243,FALSE
"386",43.17052632,60.8353576554243,17.6648313354243,FALSE
"391",42.00545455,60.8353576554243,18.8299031054243,FALSE
"393",36.197,60.8353576554243,24.6383576554243,FALSE
"394",31.31826087,60.8353576554243,29.5170967854243,FALSE
"4",21.57136364,60.8353576554243,39.2639940154243,FALSE
"400",27.00809524,60.8353576554243,33.8272624154243,FALSE
"401",29.03238095,60.8353576554243,31.8029767054243,FALSE
"403",33.52136364,60.8353576554243,27.3139940154243,FALSE
"407",38.84473684,60.8353576554243,21.9906208154243,FALSE
"412",42.14904762,60.8353576554243,18.6863100354243,FALSE
"417",53.36380952,60.8353576554243,7.47154813542429,FALSE
"425",61.01380952,60.8353576554243,0.17845186457572,FALSE
"430",66.88952381,60.8353576554243,6.05416615457572,FALSE
"431",66.81904762,60.8353576554243,5.98368996457572,FALSE
"434",72.30263158,60.8353576554243,11.4672739245757,FALSE
"443",86.00714286,60.8353576554243,25.1717852045757,FALSE
"445",87.8615,60.8353576554243,27.0261423445757,FALSE
"446",90.05473684,60.8353576554243,29.2193791845757,FALSE
"447",89.49954545,60.8353576554243,28.6641877945757,FALSE
"456",89.671,60.8353576554243,28.8356423445757,FALSE
"457",80.81666667,60.8353576554243,19.9813090145757,FALSE
"458",83.077,60.8353576554243,22.2416423445757,FALSE
"461",84.42142857,60.8353576554243,23.5860709145757,FALSE
"470",38.95315789,60.8353576554243,21.8821997654243,FALSE
"472",37.53190476,60.8353576554243,23.3034528954243,FALSE
"474",47.96863636,60.8353576554243,12.8667212954243,FALSE
"480",55.02863636,60.8353576554243,5.80672129542428,FALSE
"482",81.59105263,60.8353576554243,20.7556949745757,FALSE
"485",69.27857143,60.8353576554243,8.44321377457572,FALSE
"490",78.03818182,60.8353576554243,17.2028241645757,FALSE
"491",81.0105,60.8353576554243,20.1751423445757,FALSE
"494",86.57105263,60.8353576554243,25.7356949745757,FALSE
"496",97.85,60.8353576554243,37.0146423445757,FALSE
"5",18.93285714,60.8353576554243,41.9025005154243,FALSE
"50",13.73368421,60.8353576554243,47.1016734454243,FALSE
"500",103.3736364,60.8353576554243,42.5382787445757,FALSE
"509",129.1318182,60.8353576554243,68.2964605445757,FALSE
"513",136.6945,60.8353576554243,75.8591423445757,FALSE
"515",142.744,60.8353576554243,81.9086423445757,FALSE
"518",143.7705263,60.8353576554243,82.9351686445757,FALSE
"520",140.6505,60.8353576554243,79.8151423445757,FALSE
"527",138.5433333,60.8353576554243,77.7079756445757,FALSE
"529",120.5440909,60.8353576554243,59.7087332445757,FALSE
"53",16.46,60.8353576554243,44.3753576554243,FALSE
"531",115.4509524,60.8353576554243,54.6155947445757,FALSE
"534",112.9355,60.8353576554243,52.1001423445757,FALSE
"536",78.96409091,60.8353576554243,18.1287332545757,FALSE
"538",56.09391304,60.8353576554243,4.74144461542429,FALSE
"541",59.24454545,60.8353576554243,1.59081220542429,FALSE
"543",77.2355,60.8353576554243,16.4001423445757,FALSE
"545",88.52809524,60.8353576554243,27.6927375845757,FALSE
"546",90.10571429,60.8353576554243,29.2703566345757,FALSE
"548",76.53428571,60.8353576554243,15.6989280545757,FALSE
"549",72.76714286,60.8353576554243,11.9317852045757,FALSE
"554",89.07052632,60.8353576554243,28.2351686645757,FALSE
"562",82.80095238,60.8353576554243,21.9655947245757,FALSE
"563",79.3105,60.8353576554243,18.4751423445757,FALSE
"568",76.6175,60.8353576554243,15.7821423445757,FALSE
"570",37.25727273,60.8353576554243,23.5780849254243,FALSE
"572",39.1926087,60.8353576554243,21.6427489554243,FALSE
"575",38.00857143,60.8353576554243,22.8267862254243,FALSE
"576",36.99666667,60.8353576554243,23.8386909854243,FALSE
"58",16.69304348,60.8353576554243,44.1423141754243,FALSE
"581",42.49090909,60.8353576554243,18.3444485654243,FALSE
"582",42.32636364,60.8353576554243,18.5089940154243,FALSE
"583",41.44,60.8353576554243,19.3953576554243,FALSE
"585",44.659,60.8353576554243,16.1763576554243,FALSE
"589",44.94,60.8353576554243,15.8953576554243,FALSE
"59",18.5965,60.8353576554243,42.2388576554243,FALSE
"593",38.29227273,60.8353576554243,22.5430849254243,FALSE
"596",39.94826087,60.8353576554243,20.8870967854243,FALSE
"599",33.61,60.8353576554243,27.2253576554243,FALSE
"606",33.52,60.8353576554243,27.3153576554243,FALSE
"608",36.63952381,60.8353576554243,24.1958338454243,FALSE
"614",33.84473684,60.8353576554243,26.9906208154243,FALSE
"616",36.2747619,60.8353576554243,24.5605957554243,FALSE
"617",35.49,60.8353576554243,25.3453576554243,FALSE
"618",36.92863636,60.8353576554243,23.9067212954243,FALSE
"619",33.75090909,60.8353576554243,27.0844485654243,FALSE
"621",31.99904762,60.8353576554243,28.8363100354243,FALSE
"622",34.92227273,60.8353576554243,25.9130849254243,FALSE
"623",35.2215,60.8353576554243,25.6138576554243,FALSE
"628",34.05047619,60.8353576554243,26.7848814654243,FALSE
"631",36.22238095,60.8353576554243,24.6129767054243,FALSE
"632",37.11590909,60.8353576554243,23.7194485654243,FALSE
"634",44.04333333,60.8353576554243,16.7920243254243,FALSE
"637",49.41761905,60.8353576554243,11.4177386054243,FALSE
"638",48.60052632,60.8353576554243,12.2348313354243,FALSE
"639",50.99608696,60.8353576554243,9.83927069542428,FALSE
"642",51.55909091,60.8353576554243,9.27626674542428,FALSE
"643",48.94,60.8353576554243,11.8953576554243,FALSE
"647",54.40761905,60.8353576554243,6.42773860542428,FALSE
"65",27.89095238,60.8353576554243,32.9444052754243,FALSE
"651",53.88454545,60.8353576554243,6.95081220542428,FALSE
"652",54.4265,60.8353576554243,6.40885765542428,FALSE
"655",58.34809524,60.8353576554243,2.48726241542428,FALSE
"656",61.51347826,60.8353576554243,0.678120604575717,FALSE
"657",61.79263158,60.8353576554243,0.957273924575716,FALSE
"661",62.76818182,60.8353576554243,1.93282416457572,FALSE
"662",61.58789474,60.8353576554243,0.752537084575721,FALSE
"664",69.27190476,60.8353576554243,8.43654710457572,FALSE
"667",71.40727273,60.8353576554243,10.5719150745757,FALSE
"67",29.26545455,60.8353576554243,31.5699031054243,FALSE
"677",109.7661905,60.8353576554243,48.9308328445757,FALSE
"68",25.76,60.8353576554243,35.0753576554243,FALSE
"681",35.00809524,60.8353576554243,25.8272624154243,FALSE
"682",36.5026087,60.8353576554243,24.3327489554243,FALSE
"683",36.43736842,60.8353576554243,24.3979892354243,FALSE
"684",38.29772727,60.8353576554243,22.5376303854243,FALSE
"685",40.24571429,60.8353576554243,20.5896433654243,FALSE
"69",26.3252381,60.8353576554243,34.5101195554243,FALSE
"701",36.79333333,60.8353576554243,24.0420243254243,FALSE
"704",38.52347826,60.8353576554243,22.3118793954243,FALSE
"71",24.93263158,60.8353576554243,35.9027260754243,FALSE
"714",57.51454545,60.8353576554243,3.32081220542428,FALSE
"719",74.57571429,60.8353576554243,13.7403566345757,FALSE
"722",68.70210526,60.8353576554243,7.86674760457571,FALSE
"723",72.85,60.8353576554243,12.0146423445757,FALSE
"724",77.8605,60.8353576554243,17.0251423445757,FALSE
"726",44.65714286,60.8353576554243,16.1782147954243,FALSE
"727",45.52571429,60.8353576554243,15.3096433654243,FALSE
"729",40.67315789,60.8353576554243,20.1621997654243,FALSE
"73",27.1752381,60.8353576554243,33.6601195554243,FALSE
"732",47.4335,60.8353576554243,13.4018576554243,FALSE
"734",51.27894737,60.8353576554243,9.55641028542428,FALSE
"737",55.11,60.8353576554243,5.72535765542428,FALSE
"738",55.4275,60.8353576554243,5.40785765542428,FALSE
"741",64.636,60.8353576554243,3.80064234457571,FALSE
"747",81.32636364,60.8353576554243,20.4910059845757,FALSE
"750",41.86045455,60.8353576554243,18.9749031054243,FALSE
"758",41.43631579,60.8353576554243,19.3990418654243,FALSE
"771",41.63391304,60.8353576554243,19.2014446154243,FALSE
"772",40.31842105,60.8353576554243,20.5169366054243,FALSE
"774",40.65045455,60.8353576554243,20.1849031054243,FALSE
"780",51.29380952,60.8353576554243,9.54154813542428,FALSE
"782",53.24578947,60.8353576554243,7.58956818542428,FALSE
"785",59.11636364,60.8353576554243,1.71899401542428,FALSE
"790",71.28136364,60.8353576554243,10.4460059845757,FALSE
"791",73.56333333,60.8353576554243,12.7279756745757,FALSE
"795",82.7952381,60.8353576554243,21.9598804445757,FALSE
"8",13.3352381,60.8353576554243,47.5001195554243,FALSE
"806",60.27789474,60.8353576554243,0.557462915424281,FALSE
"809",66.40333333,60.8353576554243,5.56797567457571,FALSE
"812",62.48857143,60.8353576554243,1.65321377457572,FALSE
"814",59.79652174,60.8353576554243,1.03883591542428,FALSE
"815",59.39894737,60.8353576554243,1.43641028542428,FALSE
"824",78.93,60.8353576554243,18.0946423445757,FALSE
"825",60.9752381,60.8353576554243,0.139880444575716,FALSE
"830",63.85684211,60.8353576554243,3.02148445457572,FALSE
"832",64.09,60.8353576554243,3.25464234457572,FALSE
"834",64.94636364,60.8353576554243,4.11100598457572,FALSE
"837",54.28380952,60.8353576554243,6.55154813542428,FALSE
"84",44.47409091,60.8353576554243,16.3612667454243,FALSE
"841",61.1445,60.8353576554243,0.309142344575719,FALSE
"842",54.0765,60.8353576554243,6.75885765542428,FALSE
"847",58.812,60.8353576554243,2.02335765542428,FALSE
"852",59.163,60.8353576554243,1.67235765542429,FALSE
"853",57.94,60.8353576554243,2.89535765542428,FALSE
"854",57.32578947,60.8353576554243,3.50956818542429,FALSE
"857",47.23227273,60.8353576554243,13.6030849254243,FALSE
"860",46.76043478,60.8353576554243,14.0749228754243,FALSE
"87",43.73086957,60.8353576554243,17.1044880854243,FALSE
"873",49.179,60.8353576554243,11.6563576554243,FALSE
"875",45.623,60.8353576554243,15.2123576554243,FALSE
"879",39.65857143,60.8353576554243,21.1767862254243,FALSE
"88",44.6385,60.8353576554243,16.1968576554243,FALSE
"882",46.67190476,60.8353576554243,14.1634528954243,FALSE
"885",43.6647619,60.8353576554243,17.1705957554243,FALSE
"886",44.8326087,60.8353576554243,16.0027489554243,FALSE
"89",51.77619048,60.8353576554243,9.05916717542429,FALSE
"892",51.05238095,60.8353576554243,9.78297670542428,FALSE
"895",48.78714286,60.8353576554243,12.0482147954243,FALSE
"896",44.115,60.8353576554243,16.7203576554243,FALSE
"900",40.90045455,60.8353576554243,19.9349031054243,FALSE
"901",41.1955,60.8353576554243,19.6398576554243,FALSE
"903",42.36954545,60.8353576554243,18.4658122054243,FALSE
"907",43.113,60.8353576554243,17.7223576554243,FALSE
"908",43.87086957,60.8353576554243,16.9644880854243,FALSE
"909",43.34619048,60.8353576554243,17.4891671754243,FALSE
"913",41.1545,60.8353576554243,19.6808576554243,FALSE
"916",41.65368421,60.8353576554243,19.1816734454243,FALSE
"921",44.559,60.8353576554243,16.2763576554243,FALSE
"924",48.4165,60.8353576554243,12.4188576554243,FALSE
"925",48.271,60.8353576554243,12.5643576554243,FALSE
"930",51.88047619,60.8353576554243,8.95488146542428,FALSE
"931",53.03285714,60.8353576554243,7.80250051542428,FALSE
"933",55.70263158,60.8353576554243,5.13272607542428,FALSE
"935",61.71761905,60.8353576554243,0.882261394575721,FALSE
"938",58.908,60.8353576554243,1.92735765542428,FALSE
"939",59.5635,60.8353576554243,1.27185765542428,FALSE
"941",57.53380952,60.8353576554243,3.30154813542428,FALSE
"953",44.8245,60.8353576554243,16.0108576554243,FALSE
"956",49.15095238,60.8353576554243,11.6844052754243,FALSE
"965",66.6652381,60.8353576554243,5.82988044457571,FALSE
"969",80.46285714,60.8353576554243,19.6274994845757,FALSE
"97",26.15142857,60.8353576554243,34.6839290854243,FALSE
"971",86.3295,60.8353576554243,25.4941423445757,FALSE
"973",96.691,60.8353576554243,35.8556423445757,FALSE
"977",120.598,60.8353576554243,59.7626423445757,FALSE
"982",61.22761905,60.8353576554243,0.392261394575719,FALSE
"983",57.15095238,60.8353576554243,3.68440527542428,FALSE
"985",63.19809524,60.8353576554243,2.36273758457572,FALSE
"986",60.5085,60.8353576554243,0.326857655424284,FALSE
"996",69.20210526,60.8353576554243,8.36674760457571,FALSE
"999",66.20863636,60.8353576554243,5.37327870457572,FALSE
